{"mode":"dev","input_data":"119736,FL,CLAY COUNTY,498960,498960,498960,498960,498960,792148.9,0,9979.2,0,0,30.102261,-81.711777,Residential,Masonry,1\n448094,FL,CLAY COUNTY,1322376.3,1322376.3,1322376.3,1322376.3,1322376.3,1438163.57,0,0,0,0,30.063936,-81.707664,Residential,Masonry,3\n206893,FL,CLAY COUNTY,190724.4,190724.4,190724.4,190724.4,190724.4,192476.78,0,0,0,0,30.089579,-81.700455,Residential,Wood,1\n333743,FL,CLAY COUNTY,0,79520.76,0,0,79520.76,86854.48,0,0,0,0,30.063236,-81.707703,Residential,Wood,3\n172534,FL,CLAY COUNTY,0,254281.5,0,254281.5,254281.5,246144.49,0,0,0,0,30.060614,-81.702675,Residential,Wood,1\n785275,FL,CLAY COUNTY,0,515035.62,0,0,515035.62,884419.17,0,0,0,0,30.063236,-81.707703,Residential,Masonry,3\n995932,FL,CLAY COUNTY,0,19260000,0,0,19260000,20610000,0,0,0,0,30.102226,-81.713882,Commercial,Reinforced Concrete,1\n223488,FL,CLAY COUNTY,328500,328500,328500,328500,328500,348374.25,0,16425,0,0,30.102217,-81.707146,Residential,Wood,1\n433512,FL,CLAY COUNTY,315000,315000,315000,315000,315000,265821.57,0,15750,0,0,30.118774,-81.704613,Residential,Wood,1\n142071,FL,CLAY COUNTY,705600,705600,705600,705600,705600,1010842.56,14112,35280,0,0,30.100628,-81.703751,Residential,Masonry,1\n253816,FL,CLAY COUNTY,831498.3,831498.3,831498.3,831498.3,831498.3,1117791.48,0,0,0,0,30.10216,-81.719444,Residential,Masonry,1\n894922,FL,CLAY COUNTY,0,24059.09,0,0,24059.09,33952.19,0,0,0,0,30.095957,-81.695099,Residential,Wood,1\n422834,FL,CLAY COUNTY,0,48115.94,0,0,48115.94,66755.39,0,0,0,0,30.100073,-81.739822,Residential,Wood,1","tdd":"ignore:\n  - \"@timestamp\"\n  - \"message\"\n  - \"host\"\ntestcases:\n  \n  - description: \"Sample CSV line\"\n    input:\n      - \"119736,FL,CLAY COUNTY,498960,498960,498960,498960,498960,792148.9,0,9979.2,0,0,30.102261,-81.711777,Residential,Masonry,1\"\n    expected:\n      - \"construction\": \"Masonry\"\n        \"county\": \"CLAY COUNTY\"\n        \"eq_site_deductible\": 0\n        \"eq_site_limit\": 498960\n        \"fl_site_deductible\": 0\n        \"fl_site_limit\": 498960\n        \"fr_site_deductible\": 0\n        \"fr_site_limit\": 498960\n        \"hu_site_deductible\": 9979.2\n        \"hu_site_limit\": 498960\n        \"line\": \"Residential\"\n        \"point_granularity\": 1\n        \"point_latitude\": 30.102261\n        \"point_longitude\": -81.711777\n        \"policyID\": 119736\n        \"statecode\": \"FL\"\n        \"tiv_2011\": 498960\n        \"tiv_2012\": 792148.9","logstash_filter":"filter {\n        \n  dissect {\n    mapping => {\n      \"message\" => \"%{policyID},%{statecode},%{county},%{eq_site_limit},%{hu_site_limit},%{fl_site_limit},%{fr_site_limit},%{tiv_2011},%{tiv_2012},%{eq_site_deductible},%{hu_site_deductible},%{fl_site_deductible},%{fr_site_deductible},%{point_latitude},%{point_longitude},%{line},%{construction},%{point_granularity}\"\n    }\n    \n    convert_datatype => {\n      \"policyID\"            => \"int\"\n      \"eq_site_limit\"       => \"float\"\n      \"hu_site_limit\"       => \"float\"\n      \"fl_site_limit\"       => \"float\"\n      \"fr_site_limit\"       => \"float\"\n      \"tiv_2011\"            => \"float\"\n      \"tiv_2012\"            => \"float\"\n      \"eq_site_deductible\"  => \"float\"\n      \"hu_site_deductible\"  => \"float\"\n      \"fl_site_deductible\"  => \"float\"\n      \"fr_site_deductible\"  => \"float\"\n      \"point_latitude\"      => \"float\"\n      \"point_longitude\"     => \"float\"\n      \"point_granularity\"   => \"int\"\n    }\n  }\n      \n}","input_fields":[],"custom_logstash_patterns":"","custom_codec":"","filter_regex_enabled":false,"filter_reverse_match_enabled":false,"filter_display":"","number_lines_display":"10"}